Date,Open,High,Low,Close,Volume,Adj Close
2020-01-03,113.8,120.0,113.8,120.0,50.78032,120.0
2020-01-04,120.0,120.39,119.29,120.39,21.81411,120.39
2020-01-05,120.39,123.54,120.39,121.1,10.97111,121.1
2020-01-06,121.2,128.14,121.2,128.14,71.50937,128.14
2020-01-07,128.86,129.85,124.71,128.1,75.75885,128.1
2020-01-08,128.2,132.28,123.84,126.21,239.43082,126.21
2020-01-09,126.21,126.68,121.28,123.57,54.71274,123.57
2020-01-10,123.84,130.58,121.67,129.99,168.0737,129.99
2020-01-11,129.52,132.6,128.1,128.51,118.21654,128.51
2020-01-12,128.14,131.57,127.8,131.57,41.02748,131.57
2020-01-13,130.71,130.77,127.68,129.05,31.0135,129.05
2020-01-14,129.05,152.68,129.05,149.3,278.53447,149.3
2020-01-15,149.29,153.64,143.29,148.88,241.94221,148.88
2020-01-16,149.44,149.44,142.33,147.54,86.74111,147.54
2020-01-17,145.76,156.12,145.76,154.85,272.25411,154.85
2020-01-18,155.4,161.05,149.15,157.34,207.25244,157.34
2020-01-19,157.0,159.99,146.21,150.34,163.66077,150.34
2020-01-20,149.63,151.55,142.86,151.53,734.83353,151.53
2020-01-21,149.34,152.5,146.29,152.48,361.61411,152.48
2020-01-22,152.48,153.38,148.32,150.47,98.64339,150.47
2020-01-23,150.47,150.47,142.05,147.33,270.69013,147.33
2020-01-24,147.33,149.42,140.2,146.98,96.77017,146.98
2020-01-25,146.98,147.74,143.17,145.0,83.60627,145.0
2020-01-26,144.42,152.0,144.42,151.79,149.61758,151.79
2020-01-27,152.04,155.68,149.7,154.16,114.4005,154.16
2020-01-28,154.86,159.67,154.62,159.67,99.91107,159.67
2020-01-29,159.6,161.88,157.81,157.81,83.40045,157.81
2020-01-30,156.95,168.91,155.0,167.0,252.77787,167.0
2020-01-31,166.76,166.76,158.85,162.71,128.25323,162.71
2020-02-01,162.09,166.24,162.0,165.29,53.87708,165.29
2020-02-02,163.61,173.72,160.5,169.73,115.40748,169.73
2020-02-03,170.98,176.49,169.0,171.61,155.8138,171.61
2020-02-04,172.4,172.67,166.81,170.66,54.77315,170.66
2020-02-05,171.9,189.26,170.44,185.9,224.07566,185.9
2020-02-06,183.43,195.58,182.26,194.06,188.33079,194.06
2020-02-07,194.69,204.14,194.69,203.78,238.68152,203.78
2020-02-08,204.02,207.51,195.0,204.62,225.75982,204.62
2020-02-09,206.76,210.8,205.08,208.46,97.08834,208.46
2020-02-10,208.55,209.0,198.22,205.5,362.17424,205.5
2020-02-11,204.29,218.92,197.05,217.91,408.93977,217.91
2020-02-12,218.07,252.3,218.07,244.11,669.20159,244.11
2020-02-13,245.56,255.0,234.26,246.82,575.81137,246.82
2020-02-14,247.04,264.05,240.54,264.05,384.52729,264.05
2020-02-15,265.13,265.66,241.54,243.96,734.48545,243.96
2020-02-16,242.67,252.34,219.08,240.53,1324.60775,240.53
2020-02-17,239.1,247.0,222.74,247.0,1043.58658,247.0
2020-02-18,246.2,266.0,237.0,261.34,840.48096,261.34
2020-02-19,261.12,264.84,234.0,240.0,770.12606,240.0
2020-02-20,239.29,243.55,228.34,241.16,628.45357,241.16
2020-02-21,238.0,247.25,231.72,245.7,346.78978,245.7
2020-02-22,243.93,244.64,237.19,241.92,113.38502,241.92
2020-02-23,242.6,255.0,241.34,255.0,371.53027,255.0
2020-02-24,254.12,256.32,235.97,243.5,549.13835,243.5
2020-02-25,241.41,243.55,221.02,226.96,542.608,226.96
2020-02-26,228.27,228.97,197.04,205.99,1271.77033,205.99
2020-02-27,205.31,217.26,193.18,204.45,796.05776,204.45
2020-02-28,208.38,213.16,194.65,208.1,239.09789,208.1
2020-02-29,208.35,211.85,198.01,198.01,372.37994,198.01
2020-03-01,198.36,206.19,193.0,197.2,390.24492,197.2
2020-03-02,196.56,210.85,195.88,207.09,375.03764,207.09
2020-03-03,207.98,209.59,197.42,200.89,231.00329,200.89
2020-03-04,200.01,206.0,199.74,202.73,307.66114,202.73
2020-03-05,203.8,210.85,203.8,204.97,427.41144,204.97
2020-03-06,205.83,219.54,205.32,219.03,438.329,219.03
2020-03-07,218.11,224.89,211.1,213.0,195.3364,213.0
2020-03-08,211.4,211.4,174.08,175.27,1318.14512,175.27
2020-03-09,176.82,184.67,167.5,176.84,2164.33518,176.84
2020-03-10,177.93,181.68,170.65,178.06,856.41431,178.06
2020-03-11,178.82,179.99,161.43,174.13,940.99044,174.13
2020-03-12,172.1,172.1,91.35,98.44,4407.58324,98.44
2020-03-13,98.64,127.46,78.62,123.78,6152.80184,123.78
2020-03-14,124.23,124.23,110.57,111.92,2036.62787,111.92
2020-03-15,111.89,120.0,109.18,112.01,860.15326,112.01
2020-03-16,111.32,112.74,90.28,99.58,1751.77613,99.58
2020-03-17,100.49,110.5,98.82,106.77,973.66848,106.77
2020-03-18,106.5,109.0,101.31,109.0,1197.66952,109.0
2020-03-19,109.0,135.25,107.16,129.36,3964.87472,129.36
2020-03-20,129.37,143.03,111.0,125.66,3323.23074,125.66
2020-03-21,124.9,129.64,117.18,125.04,804.49159,125.04
2020-03-22,124.96,129.18,115.0,115.64,1165.45833,115.64
2020-03-23,114.0,128.84,113.0,127.52,1197.91798,127.52
2020-03-24,127.53,133.75,124.14,129.0,2821.55216,129.0
2020-03-25,128.61,131.98,123.8,126.23,1249.39629,126.23
2020-03-26,126.45,128.0,122.0,126.46,1094.86931,126.46
2020-03-27,126.46,128.8,119.42,120.26,535.53558,120.26
2020-03-28,120.0,121.27,114.5,120.34,514.59215,120.34
2020-03-29,118.88,119.92,113.23,114.35,594.06029,114.35
2020-03-30,113.68,125.0,113.08,122.19,698.38068,122.19
2020-03-31,122.02,125.0,121.48,122.43,437.54943,122.43
2020-04-01,122.42,126.19,120.0,125.49,430.31016,125.49
2020-04-02,126.0,139.19,123.75,131.93,835.72092,131.93
2020-04-03,131.46,136.71,130.02,133.19,653.09839,133.19
2020-04-04,132.75,136.53,131.28,135.73,382.32516,135.73
2020-04-05,135.74,136.71,131.85,133.35,177.22792,133.35
2020-04-06,133.82,159.48,133.01,158.77,1407.06127,158.77
2020-04-07,158.89,163.0,150.02,150.85,1600.34748,150.85
2020-04-08,152.69,161.75,150.88,159.9,554.33994,159.9
2020-04-09,159.9,160.0,153.26,158.09,376.60781,158.09
2020-04-10,157.79,157.79,140.68,147.1,969.18436,147.1
2020-04-11,147.18,150.92,141.71,147.53,393.05887,147.53
2020-04-12,147.61,159.0,144.72,148.2,535.4196,148.2
2020-04-13,148.01,148.01,139.8,145.45,693.02242,145.45
2020-04-14,145.56,149.23,143.92,145.73,670.37682,145.73
2020-04-15,145.08,148.05,141.02,142.64,487.98329,142.64
2020-04-16,141.9,162.0,138.06,159.14,1414.57582,159.14
2020-04-17,160.11,161.0,155.4,157.99,516.65506,157.99
2020-04-18,158.62,175.69,158.62,173.97,1201.04627,173.97
2020-04-19,174.3,174.3,161.13,167.49,729.21872,167.49
2020-04-20,166.74,172.2,154.96,158.66,1442.62875,158.66
2020-04-21,158.08,162.49,156.71,158.98,531.35416,158.98
2020-04-22,159.05,171.0,158.54,170.06,890.73053,170.06
2020-04-23,169.94,179.8,166.0,171.53,1350.94124,171.53
2020-04-24,172.51,177.15,172.02,175.02,592.09203,175.02
2020-04-25,175.02,184.34,173.7,180.96,1191.03743,180.96
2020-04-26,181.27,186.36,179.63,183.95,678.98424,183.95
2020-04-27,184.16,185.46,176.54,183.2,862.83116,183.2
2020-04-28,182.34,183.99,179.3,183.31,374.9623,183.31
2020-04-29,183.5,204.5,183.5,199.82,1964.70961,199.82
2020-04-30,199.82,212.33,185.73,189.5,2163.62571,189.5
2020-05-01,189.51,199.82,189.51,193.93,1419.74085,193.93
2020-05-02,194.03,196.59,192.15,195.35,478.29185,195.35
2020-05-03,195.12,200.0,188.0,191.65,787.69906,191.65
2020-05-04,192.0,192.62,178.61,190.56,1146.01267,190.56
2020-05-05,190.59,194.38,186.0,190.07,548.21059,190.07
2020-05-06,190.25,195.39,185.01,185.22,622.82162,185.22
2020-05-07,185.22,199.0,183.6,195.64,1227.2774,195.64
2020-05-08,196.66,200.0,191.83,194.99,678.11477,194.99
2020-05-09,195.54,198.38,192.34,193.88,896.61134,193.88
2020-05-10,194.42,194.42,165.8,173.62,2198.07153,173.62
2020-05-11,173.68,179.77,160.88,173.62,858.22607,173.62
2020-05-12,173.98,179.61,173.7,175.99,450.36208,175.99
2020-05-13,176.24,188.24,175.62,186.6,532.23152,186.6
2020-05-14,186.83,191.9,182.62,188.8,901.29725,188.8
2020-05-15,188.95,188.95,177.91,180.62,570.47774,180.62
2020-05-16,180.28,188.73,179.77,186.6,263.2223,186.6
2020-05-17,186.05,194.84,185.76,191.59,350.50408,191.59
2020-05-18,192.15,201.0,191.98,198.59,792.94704,198.59
2020-05-19,198.59,199.55,194.0,197.2,487.92038,197.2
2020-05-20,197.2,198.0,189.13,194.14,912.87416,194.14
2020-05-21,194.31,194.7,177.09,184.16,1421.09566,184.16
2020-05-22,183.01,194.68,181.52,191.96,1674.45171,191.96
2020-05-23,192.26,195.69,190.5,192.26,436.74015,192.26
2020-05-24,191.66,194.99,186.74,187.1,432.62603,187.1
2020-05-25,186.24,191.97,185.0,190.23,1717.88961,190.23
2020-05-26,190.06,191.47,183.01,186.17,559.72653,186.17
2020-05-27,186.9,192.55,186.04,191.33,660.11213,191.33
2020-05-28,191.83,199.54,188.35,199.32,687.6908,199.32
2020-05-29,199.35,203.51,197.39,200.61,437.91387,200.61
2020-05-30,199.89,223.51,199.18,219.13,1452.39472,219.13
2020-05-31,219.1,221.12,208.44,209.3,641.02603,209.3
2020-06-01,208.56,225.0,208.56,219.14,627.84195,219.14
2020-06-02,219.92,226.0,203.73,214.25,1410.29747,214.25
2020-06-03,214.46,218.88,210.22,218.88,547.61399,218.88
2020-06-04,218.1,221.0,214.02,216.87,637.0051,216.87
2020-06-05,215.52,219.99,213.72,215.45,388.20538,215.45
2020-06-06,214.5,218.31,213.33,216.67,446.42235,216.67
2020-06-07,216.67,218.0,210.68,217.2,517.99139,217.2
2020-06-08,217.89,220.45,215.5,219.25,395.914,219.25
2020-06-09,219.7,221.94,213.72,216.5,517.60729,216.5
2020-06-10,216.19,220.97,215.26,217.8,833.24855,217.8
2020-06-11,219.36,220.91,201.69,205.98,1267.46546,205.98
2020-06-12,205.79,213.82,204.39,212.47,586.05638,212.47
2020-06-13,212.35,213.89,210.55,213.14,517.8907,213.14
2020-06-14,212.78,214.13,205.0,207.92,604.55083,207.92
2020-06-15,206.99,208.37,195.43,205.41,863.85466,205.41
2020-06-16,205.0,210.95,203.86,209.4,386.22013,209.4
2020-06-17,209.6,211.71,205.04,210.0,622.28727,210.0
2020-06-18,209.22,210.52,205.0,206.86,563.80806,206.86
2020-06-19,206.91,208.48,203.69,206.18,424.78166,206.18
2020-06-20,206.09,207.61,203.54,205.78,218.83508,205.78
2020-06-21,205.78,207.99,204.5,204.55,267.40395,204.55
2020-06-22,204.68,219.06,204.64,216.3,876.05484,216.3
2020-06-23,216.3,218.0,213.5,215.66,628.36058,215.66
2020-06-24,215.52,220.84,207.0,209.76,1854.77868,209.76
2020-06-25,209.61,211.7,205.0,208.38,493.36099,208.38
2020-06-26,207.53,208.96,204.59,206.79,1185.75097,206.79
2020-06-27,205.56,208.17,195.08,198.33,738.51447,198.33
2020-06-28,198.75,204.54,196.71,202.49,606.2986,202.49
2020-06-29,202.38,205.95,198.0,203.95,772.26351,203.95
2020-06-30,204.08,205.35,199.46,202.36,488.80668,202.36
2020-07-01,203.0,208.12,200.91,206.24,648.2452,206.24
2020-07-02,207.03,207.67,200.17,202.97,487.03122,202.97
2020-07-03,202.53,204.53,200.96,201.44,372.39972,201.44
2020-07-04,201.97,206.03,201.26,204.6,320.50534,204.6
2020-07-05,205.2,205.51,200.0,204.0,825.36547,204.0
2020-07-06,203.59,214.76,202.94,213.79,1197.44959,213.79
2020-07-07,214.79,215.46,208.65,212.76,1526.75644,212.76
2020-07-08,213.78,221.19,211.98,218.94,1850.66468,218.94
2020-07-09,218.54,220.0,211.89,215.32,838.75591,215.32
2020-07-10,215.33,215.67,210.51,214.66,595.16748,214.66
2020-07-11,214.73,214.97,211.71,213.35,465.6365,213.35
2020-07-12,213.35,217.0,210.45,216.0,581.74922,216.0
2020-07-13,216.03,217.5,210.69,212.39,2085.15836,212.39
2020-07-14,211.67,213.57,210.14,212.05,529.89605,212.05
2020-07-15,212.05,212.45,208.66,210.36,1801.19413,210.36
2020-07-16,210.0,210.84,202.82,206.05,1288.57757,206.05
2020-07-17,205.54,206.89,204.18,204.73,429.40444,204.73
2020-07-18,205.27,208.4,204.5,207.24,380.48305,207.24
2020-07-19,207.36,210.37,205.36,210.0,462.17018,210.0
2020-07-20,210.14,210.55,206.0,207.68,861.82693,207.68
2020-07-21,206.94,215.75,206.94,214.16,1930.20091,214.16
2020-07-22,214.08,234.0,211.0,229.02,1379.48568,229.02
2020-07-23,229.02,242.0,225.4,238.21,2404.67568,238.21
2020-07-24,237.4,247.99,232.48,241.0,2958.91218,241.0
2020-07-25,241.27,265.69,241.27,263.57,1969.03655,263.57
2020-07-26,262.0,272.12,256.5,267.35,5956.97188,267.35
2020-07-27,268.16,281.2,264.52,273.0,3846.44271,273.0
2020-07-28,274.0,277.17,261.5,272.28,2718.56857,272.28
2020-07-29,272.8,277.45,268.0,271.5,1693.34195,271.5
2020-07-30,270.94,290.39,268.69,283.79,2084.00754,283.79
2020-07-31,284.01,295.47,277.89,292.6,7438.45486,292.6
2020-08-01,293.05,332.93,290.61,328.92,6069.48144,328.92
2020-08-02,329.27,351.0,268.9,316.06,5358.43314,316.06
2020-08-03,316.88,340.26,312.05,330.08,3040.6337,330.08
2020-08-04,331.14,343.55,326.36,331.73,2649.58934,331.73
2020-08-05,331.62,343.99,327.8,337.79,2696.31875,337.79
2020-08-06,337.78,340.36,331.25,334.66,1832.16352,334.66
2020-08-07,334.4,338.09,309.31,323.42,2789.78287,323.42
2020-08-08,323.24,338.28,321.03,338.28,1649.77216,338.28
2020-08-09,338.28,340.74,327.36,333.06,1086.42946,333.06
2020-08-10,333.71,340.75,331.0,337.85,1282.68079,337.85
2020-08-11,338.96,340.43,313.88,324.55,2851.78999,324.55
2020-08-12,324.55,332.26,313.33,330.49,1797.39334,330.49
2020-08-13,330.04,365.01,319.91,358.34,3747.17544,358.34
2020-08-14,359.28,377.41,355.09,371.66,4396.67216,371.66
2020-08-15,371.72,375.43,362.38,366.64,1461.43101,366.64
2020-08-16,366.64,370.68,349.24,367.91,1667.23438,367.91
2020-08-17,367.94,377.53,356.62,364.57,2191.58147,364.57
2020-08-18,365.02,366.9,350.25,355.29,1964.92359,355.29
2020-08-19,355.34,358.8,334.0,345.57,3144.61389,345.57
2020-08-20,346.78,355.69,341.71,353.16,2089.60774,353.16
2020-08-21,352.63,354.69,328.0,329.67,3248.28941,329.67
2020-08-22,330.26,338.55,323.84,337.35,1437.29057,337.35
2020-08-23,337.35,338.43,326.31,333.02,952.82531,333.02
2020-08-24,333.28,349.62,330.42,348.02,1986.50098,348.02
2020-08-25,348.02,348.34,314.47,325.64,3321.37836,325.64
2020-08-26,325.65,334.42,321.26,328.18,1878.19734,328.18
2020-08-27,327.7,336.2,316.92,325.36,2150.5805,325.36
2020-08-28,326.21,336.39,323.6,333.89,1527.19552,333.89
2020-08-29,334.34,342.42,331.42,336.44,1168.55444,336.44
2020-08-30,336.99,362.27,336.98,362.0,1963.60844,362.0
2020-08-31,362.0,370.0,353.27,365.45,2500.67217,365.45
2020-09-01,365.94,412.06,361.92,400.31,3970.83994,400.31
2020-09-02,400.21,405.39,349.0,373.31,6380.20557,373.31
2020-09-03,373.49,383.13,316.5,325.92,6947.87933,325.92
2020-09-04,324.43,340.0,305.0,329.49,4226.86849,329.49
2020-09-05,328.0,335.36,262.16,284.23,8989.8441,284.23
2020-09-06,284.02,305.98,269.12,298.93,5133.06845,298.93
2020-09-07,299.28,304.4,275.0,300.23,3867.07466,300.23
2020-09-08,301.72,303.17,278.25,287.94,3670.28808,287.94
2020-09-09,287.96,306.26,282.87,299.01,2402.41479,299.01
2020-09-10,298.67,319.0,298.67,311.92,3058.86997,311.92
2020-09-11,313.5,318.37,302.44,317.44,2270.77189,317.44
2020-09-12,317.18,329.36,310.0,329.36,1277.17236,329.36
2020-09-13,329.4,330.94,300.0,311.0,3171.00786,311.0
2020-09-14,311.19,325.47,302.14,319.47,2116.79727,319.47
2020-09-15,319.79,323.12,307.07,309.55,2327.68397,309.55
2020-09-16,309.12,317.35,301.83,310.96,2107.32647,310.96
2020-09-17,310.38,334.42,309.44,330.84,3842.52409,330.84
2020-09-18,330.55,332.74,318.31,325.94,1766.12128,325.94
2020-09-19,325.94,329.32,320.53,326.41,1145.39012,326.41
2020-09-20,326.23,326.23,310.0,314.28,1762.53723,314.28
2020-09-21,314.28,319.12,283.6,290.22,4930.60063,290.22
2020-09-22,290.83,297.53,287.76,294.68,1881.05767,294.68
2020-09-23,294.8,295.86,270.62,276.31,2065.07566,276.31
2020-09-24,275.48,302.93,273.14,299.46,2713.49891,299.46
2020-09-25,300.34,309.47,290.2,304.08,2127.84472,304.08
2020-09-26,304.5,307.18,299.0,306.38,987.91111,306.38
2020-09-27,306.43,312.12,300.15,308.18,1380.5293,308.18
2020-09-28,308.44,316.92,303.39,305.12,1778.63605,305.12
2020-09-29,304.01,308.2,301.47,307.36,1327.12006,307.36
2020-09-30,307.36,309.2,302.0,307.64,1119.82182,307.64
2020-10-01,308.39,316.0,295.93,302.16,2403.20213,302.16
2020-10-02,301.13,303.55,286.95,296.26,3113.28169,296.26
2020-10-03,296.26,301.0,294.91,296.93,867.43961,296.93
2020-10-04,296.17,303.55,295.11,301.21,833.47749,301.21
2020-10-05,302.17,304.13,298.14,301.74,1301.09425,301.74
2020-10-06,301.84,301.84,288.03,291.65,1660.76981,291.65
2020-10-07,290.62,292.59,285.39,291.35,1256.8285,291.35
2020-10-08,291.75,300.99,284.59,299.1,1750.391,299.1
2020-10-09,299.03,312.36,296.2,309.49,1573.0829,309.49
2020-10-10,310.0,319.49,309.96,312.96,1581.68042,312.96
2020-10-11,313.88,319.27,312.24,317.21,1141.73044,317.21
2020-10-12,316.74,335.0,311.38,326.65,2703.79168,326.65
2020-10-13,326.36,329.68,319.9,325.57,1938.85796,325.57
2020-10-14,326.15,330.57,318.86,323.36,2103.04035,323.36
2020-10-15,322.81,325.25,317.37,323.17,1661.12612,323.17
2020-10-16,323.84,324.96,310.0,313.33,2063.86919,313.33
2020-10-17,312.79,317.5,311.41,315.34,752.43682,315.34
2020-10-18,315.39,324.06,314.6,323.11,902.70138,323.11
2020-10-19,324.18,326.24,319.24,323.57,1611.46212,323.57
2020-10-20,322.87,324.61,311.0,312.96,2684.95786,312.96
2020-10-21,312.62,339.25,312.2,330.63,6237.10624,330.63
2020-10-22,330.13,357.0,330.13,351.26,7035.49834,351.26
2020-10-23,350.92,355.22,340.32,346.23,4018.78836,346.23
2020-10-24,346.39,352.0,344.56,348.4,1623.51716,348.4
2020-10-25,348.12,351.99,340.9,343.8,1902.20837,343.8
2020-10-26,343.79,348.48,324.95,333.81,4747.70058,333.81
2020-10-27,334.05,348.22,331.53,343.68,4193.96924,343.68
2020-10-28,343.39,348.0,325.25,331.87,5879.01366,331.87
2020-10-29,331.86,338.59,326.48,332.19,4308.59951,332.19
2020-10-30,332.61,336.36,321.28,328.9,4440.72371,328.9
2020-10-31,329.06,338.48,327.3,332.61,3169.35378,332.61
2020-11-01,332.53,341.91,331.42,341.43,2857.60614,341.43
2020-11-02,341.68,347.69,325.5,330.1,6423.36451,330.1
2020-11-03,330.0,333.56,318.62,330.0,6758.17885,330.0
2020-11-04,330.47,348.84,322.83,343.75,11026.97435,343.75
2020-11-05,344.01,355.28,338.15,352.01,12265.39266,352.01
2020-11-06,352.19,386.17,349.58,383.51,14755.11637,383.51
2020-11-07,383.57,392.87,355.6,365.53,19961.76104,365.53
2020-11-08,365.63,387.8,363.09,380.45,8680.62863,380.45
2020-11-09,380.44,386.65,369.09,375.64,11572.85828,375.64
2020-11-10,375.85,385.38,371.55,382.44,9135.67193,382.44
2020-11-11,382.22,405.86,381.36,394.54,13249.06772,394.54
2020-11-12,394.48,399.73,385.04,393.31,11737.11276,393.31
2020-11-13,393.42,405.07,389.27,404.25,10160.26358,404.25
2020-11-14,404.25,404.96,383.83,390.84,6774.43974,390.84
2020-11-15,391.05,392.54,373.56,379.94,6828.71392,379.94
2020-11-16,379.72,394.04,377.41,389.79,9433.50697,389.79
2020-11-17,389.73,409.97,389.27,407.43,14061.66847,407.43
2020-11-18,407.51,417.24,386.4,404.76,17228.92057,404.76
2020-11-19,404.75,406.46,394.61,398.64,11026.29639,398.64
2020-11-20,398.59,435.08,397.72,431.2,20342.44754,431.2
2020-11-21,431.04,465.84,425.53,465.46,22698.61849,465.46
2020-11-22,465.5,491.32,431.4,473.56,27008.39165,473.56
2020-11-23,473.27,517.66,464.0,515.77,27283.25464,515.77
2020-11-24,515.55,526.79,500.0,510.35,28267.38475,510.35
2020-11-25,510.41,511.7,467.5,480.02,22469.37196,480.02
2020-11-26,479.88,485.94,402.73,438.62,50812.40523,438.62
2020-11-27,438.67,447.7,415.53,435.23,23230.30277,435.23
2020-11-28,435.44,460.94,425.81,451.83,17175.33036,451.83
2020-11-29,451.76,483.87,445.72,483.3,16003.74114,483.3
2020-11-30,483.46,515.25,478.69,515.02,26095.59162,515.02
2020-12-01,514.93,533.72,470.42,487.34,43869.63506,487.34
2020-12-02,486.85,503.22,478.42,493.47,24594.46391,493.47
2020-12-03,493.57,513.84,485.33,508.63,16262.22798,508.63
2020-12-04,508.5,511.39,468.41,469.74,16446.14849,469.74
2020-12-05,469.23,494.62,464.56,494.34,8341.48674,494.34
2020-12-06,494.32,502.54,483.15,496.54,8117.94253,496.54
2020-12-07,496.91,499.85,484.33,489.37,10217.47392,489.37
2020-12-08,489.41,492.49,455.0,459.84,16088.92917,459.84
2020-12-09,459.87,482.38,438.45,476.4,21127.23235,476.4
2020-12-10,476.16,477.93,452.72,461.5,16471.95761,461.5
2020-12-11,461.86,463.24,442.64,450.79,19774.11748,450.79
2020-12-12,450.86,474.8,449.66,470.34,7218.38144,470.34
2020-12-13,470.53,490.7,466.4,487.0,10355.0269,487.0
2020-12-14,487.0,487.75,474.13,483.63,11192.65906,483.63
2020-12-15,483.65,490.92,477.92,485.75,9808.72499,485.75
2020-12-16,485.69,525.0,479.23,524.0,22604.17806,524.0
2020-12-17,523.95,553.0,511.08,524.5,40862.22462,524.5
2020-12-18,524.55,544.0,513.76,534.99,19640.59631,534.99
2020-12-19,534.94,547.7,528.38,538.04,17420.30934,538.04
2020-12-20,537.97,540.95,510.0,523.78,19133.69479,523.78
2020-12-21,523.58,532.65,493.0,498.11,24894.6804,498.11
2020-12-22,498.1,524.0,483.19,523.34,21429.38998,523.34
2020-12-23,522.77,524.34,454.88,481.48,26841.20754,481.48
2020-12-24,481.53,506.41,465.34,503.83,24152.33035,503.83
2020-12-25,503.99,520.09,496.81,514.36,22721.75088,514.36
2020-12-26,514.57,535.0,505.8,521.7,26194.6588,521.7
2020-12-27,521.66,582.42,510.82,557.0,46051.72433,557.0
2020-12-28,556.94,612.97,554.03,598.15,49264.83742,598.15
2020-12-29,597.99,606.06,564.21,596.85,37476.55339,596.85
2020-12-30,597.1,615.33,585.8,610.97,26246.10421,610.97
2020-12-31,611.04,614.5,590.25,603.38,24311.53484,603.38
2021-01-01,603.25,611.0,588.16,598.37,17999.46492,598.37
2021-01-02,598.6,639.0,570.37,623.61,37803.02913,623.61
2021-01-03,623.89,799.0,617.08,775.83,78259.5169,775.83
2021-01-04,776.86,906.88,725.0,847.61,118278.81836,847.61
2021-01-05,847.64,916.48,794.58,895.5,86946.31547,895.5
2021-01-06,895.5,987.0,862.48,980.49,77973.5298,980.49
2021-01-07,980.49,1050.1,930.28,994.35,78292.32639,994.35
2021-01-08,995.71,1040.0,870.14,989.81,84753.45183,989.81
2021-01-09,990.15,1052.0,956.66,1023.82,48831.41103,1023.82
2021-01-10,1023.76,1082.2,905.3,1014.72,73996.65111,1014.72
2021-01-11,1014.81,1019.17,750.99,896.32,186110.81696,896.32
2021-01-12,895.51,948.81,829.0,861.63,98939.13696,861.63
2021-01-13,861.88,936.86,810.0,929.71,69366.03578,929.71
2021-01-14,930.06,1026.34,897.24,1012.16,80471.16675,1012.16
2021-01-15,1012.21,1034.74,886.22,968.82,92696.48813,968.82
2021-01-16,968.73,1068.89,955.18,1017.78,56407.89389,1017.78
2021-01-17,1017.95,1047.34,968.39,1020.25,44877.16573,1020.25
2021-01-18,1019.31,1043.59,981.75,1041.79,36931.73355,1041.79
2021-01-19,1041.97,1190.09,1036.05,1130.97,92107.09654,1130.97
2021-01-20,1130.64,1163.11,1022.0,1137.98,87706.22819,1137.98
2021-01-21,1137.46,1147.76,894.0,914.37,113821.96906,914.37
2021-01-22,913.79,1050.0,855.0,1014.06,103027.01787,1014.06
2021-01-23,1013.94,1048.13,986.57,1015.49,50716.84438,1015.49
2021-01-24,1015.49,1150.24,1005.22,1145.66,61072.01442,1145.66
2021-01-25,1145.76,1210.88,1070.01,1088.77,80310.60219,1088.77
2021-01-26,1088.28,1137.62,1025.96,1124.1,71169.65408,1124.1
2021-01-27,1124.43,1131.15,1001.96,1027.05,85526.87226,1027.05
2021-01-28,1026.98,1123.62,1010.65,1099.55,61559.27552,1099.55
2021-01-29,1099.49,1183.0,1065.0,1138.04,90711.27855,1138.04
2021-01-30,1138.66,1160.05,1096.4,1137.66,37651.85289,1137.66
2021-01-31,1137.6,1139.01,1060.53,1085.27,34644.21569,1085.27
2021-02-01,1085.18,1141.9,1050.57,1140.02,39364.91959,1140.02
2021-02-02,1140.02,1286.88,1128.11,1256.51,90496.09976,1256.51
2021-02-03,1256.65,1389.7,1252.83,1384.91,80157.73387,1384.91
2021-02-04,1385.1,1410.98,1300.0,1336.46,81736.7557,1336.46
2021-02-05,1336.44,1469.48,1332.83,1430.54,73716.78899,1430.54
2021-02-06,1431.13,1449.87,1367.76,1395.46,53474.24723,1395.46
2021-02-07,1395.6,1409.44,1240.19,1341.95,74409.7354,1341.95
2021-02-08,1342.57,1476.11,1302.67,1455.7,67501.75105,1455.7
2021-02-09,1455.82,1510.34,1418.49,1464.8,63700.60617,1464.8
2021-02-10,1465.06,1518.08,1385.64,1441.39,65764.3015,1441.39
2021-02-11,1440.54,1497.81,1410.12,1475.39,43133.09105,1475.39
2021-02-12,1475.62,1542.0,1438.52,1522.93,47241.94321,1522.93
2021-02-13,1523.27,1548.0,1465.3,1504.07,30592.4581,1504.07
2021-02-14,1504.91,1529.0,1479.57,1490.9,25622.38105,1490.9
2021-02-15,1491.01,1517.98,1379.76,1470.63,53603.55858,1470.63
2021-02-16,1470.91,1536.0,1431.31,1476.65,43238.73716,1476.65
2021-02-17,1476.28,1544.37,1437.61,1539.12,42657.47806,1539.12
2021-02-18,1539.5,1617.64,1539.11,1608.82,50110.93995,1608.82
2021-02-19,1609.5,1628.94,1570.61,1615.6,48427.64308,1615.6
2021-02-20,1616.01,1680.5,1485.18,1582.53,52336.46823,1582.53
2021-02-21,1581.95,1631.0,1558.33,1597.0,33934.15989,1597.0
2021-02-22,1597.19,1599.74,1275.0,1466.5,109716.5176,1466.5
2021-02-23,1466.26,1469.54,1114.42,1300.91,169628.7786,1300.91
2021-02-24,1300.99,1421.71,1237.37,1338.03,83763.13992,1338.03
2021-02-25,1338.0,1367.49,1203.17,1223.41,57402.7126,1223.41
2021-02-26,1223.33,1293.78,1158.13,1201.43,68554.83382,1201.43
2021-02-27,1201.76,1268.66,1188.55,1214.98,34660.92417,1214.98
2021-02-28,1215.02,1222.78,1077.84,1176.52,59362.50652,1176.52
2021-03-01,1176.21,1307.67,1169.88,1305.52,50871.0481,1305.52
2021-03-02,1305.55,1332.73,1206.71,1235.35,50591.07404,1235.35
2021-03-03,1234.79,1373.7,1226.21,1305.15,45112.78997,1305.15
2021-03-04,1304.82,1350.35,1260.13,1289.45,49238.13919,1289.45
2021-03-05,1289.88,1300.62,1210.82,1284.44,45804.05748,1284.44
2021-03-06,1284.15,1406.0,1273.07,1386.49,39296.73739,1386.49
2021-03-07,1386.72,1454.82,1367.07,1447.97,34477.2325,1447.97
2021-03-08,1447.95,1553.18,1405.27,1545.52,43570.92416,1545.52
2021-03-09,1545.97,1574.16,1513.91,1574.15,35086.1792,1574.15
2021-03-10,1574.15,1580.72,1480.0,1508.29,46227.86225,1508.29
2021-03-11,1508.0,1541.82,1448.47,1524.03,39713.95876,1524.03
2021-03-12,1524.41,1537.18,1443.97,1475.36,36687.05304,1475.36
2021-03-13,1475.18,1601.49,1447.02,1578.65,37361.6128,1578.65
2021-03-14,1578.95,1587.8,1528.57,1542.63,23845.52476,1542.63
2021-03-15,1541.79,1576.53,1460.7,1508.8,53439.6789,1508.8
2021-03-16,1508.06,1528.41,1441.37,1517.04,42787.75568,1517.04
2021-03-17,1517.6,1537.63,1467.38,1520.95,34523.79773,1520.95
2021-03-18,1520.95,1540.63,1479.56,1493.56,33014.2053,1493.56
2021-03-19,1493.74,1546.64,1460.72,1523.57,29046.79565,1523.57
2021-03-20,1523.07,1569.03,1516.16,1519.51,23603.88698,1519.51
2021-03-21,1519.51,1529.36,1480.07,1504.39,23215.65952,1504.39
2021-03-22,1504.42,1519.41,1395.12,1414.37,34135.92256,1414.37
2021-03-23,1414.3,1454.86,1388.6,1410.9,32323.35711,1410.9
2021-03-24,1410.67,1472.03,1308.3,1343.31,39922.81338,1343.31
2021-03-25,1343.53,1376.93,1315.02,1349.07,43552.64831,1349.07
2021-03-26,1349.02,1446.0,1349.02,1443.68,27956.94659,1443.68
2021-03-27,1443.27,1466.46,1414.39,1452.0,16614.91408,1452.0
2021-03-28,1452.18,1462.92,1409.24,1432.31,15312.45807,1432.31
2021-03-29,1432.5,1559.89,1424.19,1542.19,29733.55753,1542.19
2021-03-30,1542.05,1586.0,1518.08,1571.32,26132.34666,1571.32
2021-03-31,1571.4,1658.71,1514.63,1635.39,41210.04957,1635.39
2021-04-01,1635.47,1687.15,1605.43,1672.76,38325.22891,1672.76
2021-04-02,1673.05,1826.31,1656.5,1814.55,41407.00912,1814.55
2021-04-03,1813.84,1816.99,1707.84,1717.57,37201.95193,1717.57
2021-04-04,1717.32,1786.03,1693.21,1768.43,22883.04104,1768.43
2021-04-05,1769.3,1804.79,1710.27,1782.09,26138.39397,1782.09
2021-04-06,1782.59,1817.96,1731.0,1783.79,38346.27687,1783.79
2021-04-07,1784.15,1797.32,1631.48,1661.84,65863.05196,1661.84
2021-04-08,1661.87,1752.02,1650.0,1749.1,42232.73524,1749.1
2021-04-09,1749.06,1768.65,1725.0,1740.88,29709.87569,1740.88
2021-04-10,1740.94,1824.6,1733.88,1791.18,36839.08944,1791.18
2021-04-11,1790.97,1816.86,1768.57,1806.83,26393.49772,1806.83
2021-04-12,1806.93,1849.4,1769.33,1793.46,41218.55448,1793.46
2021-04-13,1793.16,1945.12,1791.65,1924.03,52825.41615,1924.03
2021-04-14,1924.04,2046.48,1910.01,2033.42,71583.09683,2033.42
2021-04-15,2033.72,2130.0,2006.33,2103.62,46614.4468,2103.62
2021-04-16,2104.25,2132.77,1926.51,2028.15,70012.01657,2028.15
2021-04-17,2028.17,2083.94,1947.0,1954.06,41131.5614,1954.06
2021-04-18,1954.06,1969.9,1721.19,1880.72,90661.41167,1880.72
2021-04-19,1880.57,1915.79,1740.61,1801.12,63558.17787,1801.12
2021-04-20,1801.3,1955.58,1709.57,1941.81,66678.11022,1941.81
2021-04-21,1941.61,2056.85,1867.37,1961.87,80678.85672,1961.87
2021-04-22,1962.47,2200.0,1900.0,1998.13,122722.55878,1998.13
2021-04-23,1998.5,2032.93,1745.01,1963.93,134816.34315,1963.93
2021-04-24,1964.08,1964.92,1798.26,1841.4,49160.90285,1841.4
2021-04-25,1841.53,1960.44,1802.0,1925.37,38929.20351,1925.37
2021-04-26,1925.53,2107.0,1911.5,2100.45,56865.79933,2100.45
2021-04-27,2100.03,2223.19,2060.3,2209.88,41967.45851,2209.88
2021-04-28,2209.64,2282.68,2125.9,2269.03,51992.30288,2269.03
2021-04-29,2269.45,2309.6,2205.0,2279.17,41819.68155,2279.17
2021-04-30,2279.29,2320.0,2253.51,2306.42,33968.57083,2306.42
2021-05-01,2306.28,2458.99,2291.27,2447.48,34607.36739,2447.48
2021-05-02,2447.23,2485.26,2377.72,2457.03,30460.98724,2457.03
2021-05-03,2457.03,2869.23,2457.03,2848.45,83237.66325,2848.45
2021-05-04,2849.48,2938.77,2634.47,2704.13,129482.67311,2704.13
2021-05-05,2702.93,2948.0,2677.73,2933.13,75925.65962,2933.13
2021-05-06,2933.23,2996.0,2815.0,2897.04,57888.16344,2897.04
2021-05-07,2897.76,2955.67,2788.0,2871.04,46304.93436,2871.04
2021-05-08,2871.06,3264.88,2846.67,3223.97,60702.22961,3223.97
2021-05-09,3224.31,3291.0,3080.0,3231.53,64106.12952,3231.53
2021-05-10,3231.79,3470.93,2982.0,3269.74,105385.5684,3269.74
2021-05-11,3269.59,3453.0,3121.25,3447.93,77230.07115,3447.93
2021-05-12,3448.28,3620.85,3107.6,3175.12,115125.7988,3175.12
2021-05-13,3172.88,3355.0,2939.55,3089.85,160996.75064,3089.85
2021-05-14,3089.04,3448.91,3068.01,3367.05,72416.93668,3367.05
2021-05-15,3367.05,3412.23,3000.0,3011.42,68051.63361,3011.42
2021-05-16,3013.5,3193.99,2710.0,2956.69,98109.12846,2956.69
2021-05-17,2956.0,2959.46,2550.22,2704.8,136188.5989,2704.8
2021-05-18,2704.93,2929.55,2671.0,2773.02,101599.98789,2773.02
2021-05-19,2774.36,2825.67,1510.0,2015.97,312255.92361,2015.97
2021-05-20,2015.97,2481.27,1784.33,2278.0,216083.83139,2278.0
2021-05-21,2277.69,2412.32,1738.11,2006.16,220670.33689,2006.16
2021-05-22,2005.74,2050.88,1782.54,1893.06,167941.90377,1893.06
2021-05-23,1893.92,1961.35,1425.44,1727.26,233572.42603,1727.26
2021-05-24,1727.88,2200.0,1714.83,2178.0,178207.02451,2178.0
2021-05-25,2178.0,2260.0,1945.01,2212.75,148348.07069,2212.75
2021-05-26,2212.77,2382.51,2162.08,2373.56,114671.28674,2373.56
2021-05-27,2373.53,2377.4,2171.93,2251.41,77493.60182,2251.41
2021-05-28,2250.68,2266.0,1915.14,1985.88,106759.54033,1985.88
2021-05-29,1985.3,2116.59,1819.41,1877.61,76917.21617,1877.61
2021-05-30,1877.98,2044.87,1800.0,1962.82,64981.13359,1962.82
2021-05-31,1962.95,2224.0,1870.89,2213.27,86263.06747,2213.27
2021-06-01,2213.27,2240.75,2068.41,2157.11,79819.76643,2157.11
2021-06-02,2156.76,2298.54,2088.63,2218.6,62743.89097,2218.6
2021-06-03,2218.36,2372.94,2183.8,2358.42,62232.41972,2358.42
2021-06-04,2358.42,2361.71,2107.75,2215.09,86091.86632,2215.09
2021-06-05,2215.09,2323.67,2109.04,2169.54,67571.50902,2169.54
2021-06-06,2169.57,2263.73,2157.88,2234.57,37340.88377,2234.57
2021-06-07,2234.32,2343.44,2116.0,2134.05,58125.17703,2134.05
2021-06-08,2133.18,2156.71,1892.32,2065.5,105212.51174,2065.5
2021-06-09,2064.37,2159.58,1978.86,2145.49,76396.82599,2145.49
2021-06-10,2146.21,2157.34,1996.0,2032.59,45867.6402,2032.59
2021-06-11,2032.22,2054.0,1920.0,1947.0,40634.73986,1947.0
2021-06-12,1946.76,2033.87,1870.0,1962.51,45607.26341,1962.51
2021-06-13,1962.92,2105.76,1913.75,2069.2,41464.66807,2069.2
2021-06-14,2069.2,2152.42,2033.88,2131.56,39387.4883,2131.56
2021-06-15,2131.65,2178.27,2071.0,2099.85,38155.85999,2099.85
2021-06-16,2100.01,2108.94,1961.34,1975.49,47320.28827,1975.49
2021-06-17,1975.43,2057.38,1939.22,1994.87,41035.68221,1994.87
2021-06-18,1994.87,1998.88,1804.54,1888.77,63499.65913,1888.77
2021-06-19,1888.62,1924.0,1828.44,1830.78,40660.17453,1830.78
2021-06-20,1830.95,1920.99,1728.12,1890.11,61915.64221,1890.11
2021-06-21,1890.37,1903.99,1566.42,1583.24,131368.93199,1583.24
2021-06-22,1583.57,1677.45,1430.0,1574.56,140456.41612,1574.56
2021-06-23,1573.97,1718.85,1527.18,1651.08,85763.13398,1651.08
2021-06-24,1651.55,1707.77,1581.52,1668.0,52940.8782,1668.0
2021-06-25,1668.29,1691.91,1500.43,1519.6,84766.16059,1519.6
2021-06-26,1519.6,1556.09,1443.83,1537.13,84715.77202,1537.13
2021-06-27,1537.0,1662.7,1515.7,1660.98,49667.97585,1660.98
2021-06-28,1660.99,1798.66,1642.86,1748.64,74640.50544,1748.64
2021-06-29,1748.64,1888.73,1740.48,1819.77,65635.07404,1819.77
2021-06-30,1819.32,1929.93,1754.19,1919.22,77016.91016,1919.22
2021-07-01,1919.23,1919.58,1750.0,1779.0,72860.87808,1779.0
2021-07-02,1779.0,1820.69,1705.96,1816.07,55619.27026,1816.07
2021-07-03,1815.99,1888.6,1781.51,1875.31,34929.99645,1875.31
2021-07-04,1875.6,2012.05,1842.97,1956.09,42825.30451,1956.09
2021-07-05,1956.05,1957.63,1820.62,1852.39,54480.04715,1852.39
2021-07-06,1852.9,1984.71,1850.1,1965.02,50857.05309,1965.02
2021-07-07,1964.92,2038.63,1940.83,1967.0,40446.46223,1967.0
2021-07-08,1966.77,1973.99,1761.34,1787.34,64434.56944,1787.34
2021-07-09,1787.75,1845.55,1730.0,1809.71,49403.14959,1809.71
2021-07-10,1809.38,1848.13,1750.0,1780.74,31982.26592,1780.74
2021-07-11,1780.79,1831.28,1756.23,1802.97,22741.69468,1802.97
2021-07-12,1803.04,1827.24,1695.23,1716.3,36317.35968,1716.3
2021-07-13,1715.74,1731.48,1633.34,1659.65,48994.68551,1659.65
2021-07-14,1659.32,1730.0,1596.01,1712.23,48921.29768,1712.23
2021-07-15,1711.97,1752.1,1616.69,1647.22,53429.69643,1647.22
2021-07-16,1646.87,1683.01,1576.68,1596.17,54104.24794,1596.17
2021-07-17,1596.3,1643.95,1581.95,1624.19,34522.45638,1624.19
2021-07-18,1624.27,1700.0,1610.0,1618.65,35777.81604,1618.65
2021-07-19,1618.64,1645.27,1540.0,1559.5,39467.10354,1559.5
2021-07-20,1559.86,1578.74,1477.12,1537.47,49152.83779,1537.47
2021-07-21,1537.69,1738.55,1511.9,1713.57,96289.33423,1713.57
2021-07-22,1713.65,1749.47,1672.32,1738.38,84267.27001,1738.38
2021-07-23,1738.45,1827.23,1714.08,1821.03,41320.55477,1821.03
2021-07-24,1821.45,1888.66,1802.67,1874.05,34771.81425,1874.05
2021-07-25,1874.22,1883.25,1809.56,1875.39,32569.2906,1875.39
2021-07-26,1875.36,2068.12,1859.0,1895.56,86856.40722,1895.56
2021-07-27,1895.93,1987.97,1832.1,1963.0,62510.99455,1963.0
2021-07-28,1962.5,1998.6,1915.35,1962.68,54170.38392,1962.68
2021-07-29,1963.36,2037.85,1935.22,2024.07,32765.7625,2024.07
2021-07-30,2024.15,2093.08,1968.2,2082.64,49524.60679,2082.64
2021-07-31,2082.6,2171.65,2045.85,2152.84,34158.18046,2152.84
2021-08-01,2152.99,2298.22,2137.08,2182.17,57112.56355,2182.17
2021-08-02,2182.5,2272.25,2140.54,2221.9,46415.21076,2221.9
2021-08-03,2221.89,2242.71,2080.0,2134.87,47285.4205,2134.87
2021-08-04,2135.03,2365.23,2096.31,2326.18,55411.78469,2326.18
2021-08-05,2326.27,2426.2,2171.24,2414.69,72587.81428,2414.69
2021-08-06,2415.12,2528.62,2335.0,2480.6,50737.40499,2480.6
2021-08-07,2480.51,2740.0,2459.42,2723.82,62628.27757,2723.82
2021-08-08,2723.95,2748.6,2539.95,2603.61,55576.63476,2603.61
2021-08-09,2604.07,2748.93,2492.68,2726.77,60643.5658,2726.77
2021-08-10,2726.06,2790.81,2643.03,2715.32,45985.99307,2715.32
2021-08-11,2715.01,2837.73,2696.54,2743.4,39540.26184,2743.4
2021-08-12,2743.75,2808.03,2578.27,2639.48,42587.03434,2639.48
2021-08-13,2639.16,2848.0,2629.66,2846.06,31568.52197,2846.06
2021-08-14,2846.11,2861.2,2761.0,2801.27,26881.02518,2801.27
2021-08-15,2800.93,2845.0,2680.38,2835.0,32049.42357,2835.0
2021-08-16,2834.9,2856.22,2702.81,2714.98,31268.14015,2714.98
2021-08-17,2715.45,2823.4,2589.0,2609.27,34286.65632,2609.27
2021-08-18,2609.97,2704.08,2558.01,2610.6,29665.5518,2610.6
2021-08-19,2610.19,2749.99,2569.04,2734.46,29989.08122,2734.46
2021-08-20,2735.1,2824.59,2730.69,2809.54,28309.90821,2809.54
2021-08-21,2809.89,2841.88,2757.22,2774.88,21736.03906,2774.88
2021-08-22,2774.43,2811.38,2708.53,2789.73,19537.61017,2789.73
2021-08-23,2789.4,2893.32,2779.41,2855.9,29518.76387,2855.9
2021-08-24,2855.8,2881.83,2701.0,2734.43,28693.43633,2734.43
2021-08-25,2734.79,2800.19,2658.48,2780.05,29558.66536,2780.05
2021-08-26,2779.7,2798.4,2638.26,2670.82,31169.87773,2670.82
2021-08-27,2670.61,2810.0,2643.93,2798.63,25424.99809,2798.63
2021-08-28,2798.62,2807.92,2745.76,2770.79,15166.8296,2770.79
2021-08-29,2771.73,2806.13,2693.18,2763.44,21261.8011,2763.44
2021-08-30,2763.46,2857.0,2697.0,2772.0,32205.42607,2772.0
2021-08-31,2772.11,2955.9,2740.0,2935.0,40392.90213,2935.0
2021-09-01,2934.6,3267.0,2898.59,3255.52,44441.95676,3255.52
2021-09-02,3254.42,3263.37,3146.0,3202.1,34808.125,3202.1
2021-09-03,3202.0,3408.1,3137.41,3340.0,36107.46763,3340.0
2021-09-04,3341.28,3362.66,3247.88,3299.0,27056.943,3299.0
2021-09-05,3299.41,3370.37,3254.55,3342.72,25764.9886,3342.72
2021-09-06,3342.69,3368.41,3282.08,3333.85,26119.9108,3333.85
2021-09-07,3334.04,3351.05,2615.78,2957.77,72187.50561,2957.77
2021-09-08,2959.73,3048.52,2754.68,2994.6,63181.8357,2994.6
2021-09-09,2994.74,3051.63,2906.21,2928.89,39308.9804,2928.89
2021-09-10,2928.47,3003.76,2693.58,2740.95,39249.7526,2740.95
2021-09-11,2740.59,2856.74,2733.08,2790.25,29843.0738,2790.25
2021-09-12,2789.98,2963.75,2760.8,2903.52,31368.2194,2903.52
2021-09-13,2904.05,2925.39,2668.22,2804.14,43074.3704,2804.14
2021-09-14,2804.26,2933.19,2789.89,2931.46,23190.9607,2931.46
2021-09-15,2930.36,3074.84,2865.25,3073.09,28636.2794,3073.09
2021-09-16,3072.84,3126.18,2968.29,3039.87,37389.678,3039.87
2021-09-17,3040.26,3061.54,2862.88,2904.0,29377.2517,2904.0
2021-09-18,2904.0,3025.43,2878.6,2935.1,24658.0243,2935.1
2021-09-19,2934.92,2955.37,2808.32,2848.03,24239.2893,2848.03
2021-09-20,2848.48,2863.44,2502.07,2556.04,67889.46479,2556.04
2021-09-21,2556.01,2668.56,2277.21,2377.53,72048.65693,2377.53
2021-09-22,2377.32,2651.79,2354.0,2651.41,47131.3572,2651.41
2021-09-23,2650.89,2721.36,2614.7,2704.02,37049.9743,2704.02
2021-09-24,2703.5,2708.93,2345.67,2518.02,72877.0766,2518.02
2021-09-25,2517.94,2549.76,2407.81,2511.25,48946.9376,2511.25
2021-09-26,2510.7,2672.12,2355.5,2625.5,54674.7725,2625.5
2021-09-27,2624.34,2714.56,2510.0,2510.98,41887.9598,2510.98
2021-09-28,2510.77,2550.81,2405.5,2418.27,39782.1463,2418.27
2021-09-29,2418.63,2537.67,2404.48,2465.62,33776.7399,2465.62
2021-09-30,2465.99,2634.83,2454.5,2594.55,34834.2091,2594.55
2021-10-01,2594.31,2872.17,2568.5,2853.7,41646.68151,2853.7
2021-10-02,2853.83,2985.7,2809.85,2911.96,27667.5223,2911.96
2021-10-03,2913.54,3000.0,2873.47,2936.73,23039.7512,2936.73
2021-10-04,2937.46,2951.81,2816.45,2909.76,32692.3367,2909.76
2021-10-05,2911.02,3047.14,2892.01,3014.2,31331.2919,3014.2
2021-10-06,3014.93,3129.0,2881.01,3067.15,38669.3618,3067.15
2021-10-07,3066.79,3131.45,2976.74,3075.3,36564.8919,3075.3
2021-10-08,3075.56,3140.83,3035.15,3059.34,29782.0112,3059.34
2021-10-09,3059.3,3121.17,3038.65,3075.95,15954.302,3075.95
2021-10-10,3075.48,3104.27,2947.47,2955.72,24400.3993,2955.72
2021-10-11,2955.18,3134.89,2919.71,3070.6,26031.5176,3070.6
2021-10-12,3070.28,3081.24,2954.97,3035.34,30073.9969,3035.34
2021-10-13,3033.58,3116.64,2962.5,3109.98,22319.6613,3109.98
2021-10-14,3110.6,3297.0,3092.13,3266.98,25461.8864,3266.98
2021-10-15,3266.93,3360.0,3218.14,3328.4,28805.9043,3328.4
2021-10-16,3327.4,3416.0,3272.51,3294.52,23484.84646,3294.52
2021-10-17,3295.26,3370.3,3145.36,3313.93,28225.7242,3313.93
2021-10-18,3314.35,3353.99,3173.82,3233.02,37398.0977,3233.02
2021-10-19,3233.43,3341.19,3219.84,3333.12,32847.5253,3333.12
2021-10-20,3333.32,3559.17,3290.0,3551.77,31870.44202,3551.77
2021-10-21,3551.41,3748.63,3441.38,3483.91,53650.20862,3483.91
2021-10-22,3484.55,3581.92,3350.0,3423.32,28671.866,3423.32
2021-10-23,3422.97,3593.87,3394.16,3590.63,22943.3659,3590.63
2021-10-24,3590.99,3605.94,3412.3,3518.43,24938.6711,3518.43
2021-10-25,3517.83,3653.11,3506.37,3639.79,20305.5543,3639.79
2021-10-26,3640.5,3704.74,3543.52,3572.44,24484.1486,3572.44
2021-10-27,3573.0,3720.0,3383.0,3394.5,49728.0487,3394.5
2021-10-28,3394.95,3686.87,3367.19,3675.97,46462.0533,3675.97
2021-10-29,3675.65,3846.3,3660.56,3816.72,38227.25997,3816.72
2021-10-30,3816.81,3829.27,3680.0,3750.83,21745.2318,3750.83
2021-10-31,3751.5,3811.7,3615.29,3722.79,28512.4541,3722.79
2021-11-01,3722.79,3803.07,3603.53,3742.81,36065.6832,3742.81
2021-11-02,3742.28,3976.47,3712.84,3966.53,30926.62742,3966.53
2021-11-03,3967.36,4028.4,3850.0,3969.25,34759.26671,3969.25
2021-11-04,3970.2,3972.81,3835.68,3929.0,30750.2061,3929.0
2021-11-05,3928.77,3964.59,3866.04,3894.5,21172.6796,3894.5
2021-11-06,3894.29,3943.0,3770.3,3925.96,24005.9964,3925.96
2021-11-07,3926.73,4032.49,3915.03,4013.28,20875.8889,4013.28
2021-11-08,4013.97,4163.99,4012.92,4150.98,25255.96473,4150.98
2021-11-09,4151.19,4177.0,4073.01,4096.04,23537.28489,4096.04
2021-11-10,4095.82,4221.0,3911.59,4046.0,39090.91139,4046.0
2021-11-11,4044.9,4192.61,3995.7,4144.98,22555.1541,4144.98
2021-11-12,4144.79,4219.18,3954.12,4094.34,37099.0481,4094.34
2021-11-13,4094.04,4130.24,4024.26,4081.32,21459.5369,4081.32
2021-11-14,4081.31,4126.83,3969.75,4066.73,29354.2161,4066.73
2021-11-15,4066.33,4170.94,4000.95,4023.3,28172.7779,4023.3
2021-11-16,4023.15,4023.15,3623.0,3730.22,57846.2342,3730.22
2021-11-17,3729.82,3809.21,3600.41,3799.99,42434.2924,3799.99
2021-11-18,3799.99,3845.47,3486.42,3518.91,45828.3972,3518.91
2021-11-19,3519.25,3820.47,3499.57,3812.09,40883.7385,3812.09
2021-11-20,3813.0,3947.38,3740.0,3925.22,29130.4225,3925.22
2021-11-21,3924.94,3935.64,3770.3,3783.96,22327.7594,3783.96
2021-11-22,3784.59,3833.56,3587.1,3639.02,38261.3592,3639.02
2021-11-23,3639.65,3899.99,3609.41,3858.62,35492.0044,3858.62
2021-11-24,3858.63,3888.44,3720.32,3816.34,31888.6126,3816.34
2021-11-25,3816.69,4060.63,3796.86,4036.86,28394.8844,4036.86
2021-11-26,4037.49,4060.91,3472.05,3585.0,47675.3849,3585.0
2021-11-27,3585.35,3712.09,3573.6,3638.18,22767.7008,3638.18
2021-11-28,3637.74,3815.5,3516.0,3813.0,24831.4414,3813.0
2021-11-29,3812.51,3961.13,3796.5,3937.65,27361.5252,3937.65
2021-11-30,3938.26,4172.2,3848.28,4087.89,54964.4306,4087.89
2021-12-01,4087.89,4223.0,4001.68,4052.59,35668.4707,4052.59
2021-12-02,4052.59,4088.31,3929.35,3997.5,33841.625,3997.5
2021-12-03,3996.89,4118.49,3590.0,3737.04,57536.2664,3737.04
2021-12-04,3737.0,3756.36,3185.3,3680.65,80454.7144,3680.65
2021-12-05,3680.22,3780.12,3586.79,3719.0,65133.7253,3719.0
2021-12-06,3719.49,3882.98,3470.67,3861.0,47993.4708,3861.0
2021-12-07,3859.51,3936.05,3781.08,3825.42,22486.2916,3825.42
2021-12-08,3825.52,3938.89,3750.63,3916.0,23066.1289,3916.0
2021-12-09,3916.54,3960.55,3615.03,3639.0,29417.332,3639.0
2021-12-10,3639.19,3755.71,3444.95,3456.0,35085.9719,3456.0
2021-12-11,3454.88,3632.5,3398.45,3625.5,28327.4938,3625.5
2021-12-12,3626.44,3694.77,3537.44,3657.0,18199.8575,3657.0
2021-12-13,3656.16,3666.68,3256.0,3356.82,40395.7399,3356.82
2021-12-14,3357.7,3450.6,3270.53,3430.86,30285.4138,3430.86
2021-12-15,3430.85,3626.84,3240.71,3558.56,36103.7844,3558.56
2021-12-16,3558.99,3639.45,3490.52,3495.4,25629.8206,3495.4
2021-12-17,3495.97,3526.0,3275.0,3447.02,29966.6016,3447.02
2021-12-18,3448.97,3560.39,3354.01,3526.65,20306.9995,3526.65
2021-12-19,3526.49,3589.88,3457.5,3489.9,18169.3574,3489.9
2021-12-20,3489.66,3541.0,3327.14,3497.29,25632.5937,3497.29
2021-12-21,3497.49,3598.96,3470.26,3557.92,21357.5,3557.92
2021-12-22,3557.2,3610.0,3482.2,3517.23,15099.6562,3517.23
2021-12-23,3517.44,3665.08,3438.75,3628.49,25426.6164,3628.49
2021-12-24,3630.0,3658.7,3557.59,3581.84,12929.8012,3581.84
2021-12-25,3582.26,3665.17,3558.3,3627.62,10747.5566,3627.62
2021-12-26,3628.0,3634.79,3549.0,3594.61,10806.8106,3594.61
2021-12-27,3594.71,3646.67,3562.01,3568.17,10040.0082,3568.17
2021-12-28,3566.91,3566.91,3327.73,3358.08,21720.3133,3358.08
2021-12-29,3358.31,3389.5,3178.71,3199.31,20081.18,3199.31
2021-12-30,3199.25,3331.38,3161.22,3278.97,18262.0264,3278.97
2021-12-31,3278.86,3372.15,3184.31,3232.65,16174.2621,3232.65
2022-01-01,3232.65,3327.4,3232.65,3318.37,9722.4763,3318.37
2022-01-02,3318.2,3394.11,3276.75,3370.05,8893.2219,3370.05
2022-01-03,3370.45,3398.13,3261.51,3332.5,13218.5574,3332.5
2022-01-04,3332.46,3447.86,3286.64,3356.89,15329.8476,3356.89
2022-01-05,3356.89,3405.0,3028.88,3135.67,24881.3643,3135.67
2022-01-06,3135.65,3145.85,2922.0,3019.23,28640.9481,3019.23
2022-01-07,3018.93,3027.67,2705.97,2818.97,40856.2031,2818.97
2022-01-08,2819.05,2865.36,2646.0,2717.66,25682.6673,2717.66
2022-01-09,2717.88,2834.45,2697.3,2780.66,17481.777,2780.66
2022-01-10,2780.67,2805.59,2596.48,2724.0,30525.5492,2724.0
2022-01-11,2723.58,2875.0,2695.81,2854.8,17244.6034,2854.8
2022-01-12,2854.31,2985.95,2823.0,2954.59,22259.7314,2954.59
2022-01-13,2953.55,2974.52,2823.26,2832.0,18157.0739,2832.0
2022-01-14,2832.13,2932.15,2785.83,2903.44,16283.436,2903.44
2022-01-15,2902.84,2961.37,2864.67,2919.75,9515.8677,2919.75
2022-01-16,2919.35,2976.43,2874.39,2935.93,8868.5601,2935.93
2022-01-17,2936.7,2945.5,2762.33,2819.32,17510.9481,2819.32
2022-01-18,2818.84,2845.7,2724.27,2793.03,22269.4796,2793.03
2022-01-19,2792.86,2806.47,2691.0,2723.19,23018.679,2723.19
2022-01-20,2723.5,2885.82,2645.3,2658.0,20358.9685,2658.0
2022-01-21,2656.76,2683.58,2178.4,2271.21,50633.2335,2271.21
2022-01-22,2270.15,2319.7,2030.4,2134.32,60406.36626,2134.32
2022-01-23,2134.35,2258.69,2097.67,2244.53,38240.1725,2244.53
2022-01-24,2244.81,2244.81,1911.17,2158.37,66099.9255,2158.37
